date,total_cases
2020-01-24,2.0
2020-01-25,3.0
2020-01-26,3.0
2020-01-27,3.0
2020-01-28,4.0
2020-01-29,5.0
2020-01-30,5.0
2020-01-31,5.0
2020-02-01,6.0
2020-02-02,6.0
2020-02-03,6.0
2020-02-04,6.0
2020-02-05,6.0
2020-02-06,6.0
2020-02-07,6.0
2020-02-08,11.0
2020-02-09,11.0
2020-02-10,11.0
2020-02-11,11.0
2020-02-12,11.0
2020-02-13,11.0
2020-02-14,11.0
2020-02-15,12.0
2020-02-16,12.0
2020-02-17,12.0
2020-02-18,12.0
2020-02-19,12.0
2020-02-20,12.0
2020-02-21,12.0
2020-02-22,12.0
2020-02-23,12.0
2020-02-24,12.0
2020-02-25,14.0
2020-02-26,18.0
2020-02-27,38.0
2020-02-28,57.0
2020-02-29,100.0
2020-03-01,130.0
2020-03-02,191.0
2020-03-03,212.0
2020-03-04,288.0
2020-03-05,426.0
2020-03-06,616.0
2020-03-07,948.0
2020-03-08,1125.0
2020-03-09,1411.0
2020-03-10,1783.0
2020-03-11,2293.0
2020-03-12,2293.0
2020-03-13,3678.0
2020-03-14,4493.0
2020-03-15,4529.0
2020-03-16,6680.0
2020-03-17,7712.0
2020-03-18,9121.0
2020-03-19,10962.0
2020-03-20,12745.0
2020-03-21,14444.0
2020-03-22,16739.0
2020-03-23,20094.0
2020-03-24,22337.0
2020-03-25,25292.0
2020-03-26,29208.0
2020-03-27,33000.0
2020-03-28,37648.0
2020-03-29,40251.0
2020-03-30,44594.0
2020-03-31,52229.0
2020-04-01,57072.0
2020-04-02,59172.0
2020-04-03,64395.0
2020-04-04,47319.0
2020-04-05,48165.0
2020-04-06,50823.0
2020-04-07,47329.0
2020-04-08,51180.0
2020-04-09,54964.0
2020-04-10,56530.0
2020-04-11,57975.0
2020-04-12,108720.0
2020-04-13,111859.0
2020-04-14,129307.0
2020-04-15,132514.0
2020-04-16,145092.0
2020-04-17,146983.0
2020-04-18,150787.0
2020-04-19,151881.0
2020-04-20,154327.0
2020-04-21,156993.0
2020-04-22,158791.0
2020-04-23,157082.0
2020-04-24,159893.0
2020-04-25,161571.0
2020-04-26,162204.0
2020-04-27,165890.0
2020-04-28,169021.0
2020-04-29,167566.0
2020-04-30,168784.0
2020-05-01,169310.0
2020-05-02,170102.0
2020-05-03,170463.0
2020-05-04,171025.0
2020-05-05,172140.0
2020-05-06,176276.0
2020-05-07,177017.0
2020-05-08,177548.0
2020-05-09,178076.0
2020-05-10,178325.0
2020-05-11,178640.0
2020-05-12,179393.0
2020-05-13,179914.0
2020-05-14,180556.0
2020-05-15,181069.0
2020-05-16,181484.0
2020-05-17,181624.0
2020-05-18,182068.0
2020-05-19,182569.0
2020-05-20,183050.0
2020-05-21,183317.0
2020-05-22,184073.0
2020-05-23,184619.0
2020-05-24,184180.0
2020-05-25,184505.0
2020-05-26,184760.0
2020-05-27,184933.0
2020-05-28,188275.0
2020-05-29,188869.0
2020-05-30,190663.0
2020-05-31,190895.0
2020-06-01,191301.0
2020-06-02,190654.0
2020-06-03,187428.0
2020-06-04,191788.0
2020-06-05,192369.0
2020-06-06,192941.0
2020-06-07,193282.0
2020-06-08,193556.0
2020-06-09,194108.0
2020-06-10,194733.0
2020-06-11,195097.0
2020-06-12,195898.0
2020-06-13,196395.0
2020-06-14,196785.0
2020-06-15,196921.0
2020-06-16,197584.0
2020-06-17,198073.0
2020-06-18,198659.0
2020-06-19,199446.0
2020-06-20,200065.0
2020-06-21,200408.0
2020-06-22,200550.0
2020-06-23,201248.0
2020-06-24,201516.0
2020-06-25,201771.0
2020-06-26,203034.0
2020-06-27,203482.0
2020-06-28,203073.0
2020-06-29,203718.0
2020-06-30,204160.0
2020-07-01,205150.0
2020-07-02,205689.0
2020-07-03,206228.0
2020-07-04,206586.0
2020-07-05,206598.0
2020-07-06,207616.0
2020-07-07,208070.0
2020-07-08,208892.0
2020-07-09,209336.0
2020-07-10,210050.0
2020-07-11,210301.0
2020-07-12,210317.0
2020-07-13,211740.0
2020-07-14,211802.0
2020-07-15,212528.0
2020-07-16,213097.0
2020-07-17,213921.0
2020-07-18,214086.0
2020-07-19,214090.0
2020-07-20,216001.0
2020-07-21,216596.0
2020-07-22,217517.0
2020-07-23,218753.0
2020-07-24,219844.0
2020-07-25,219928.0
2020-07-26,219932.0
2020-07-27,222420.0
2020-07-28,222984.0
2020-07-29,224454.0
2020-07-30,225848.0
2020-07-31,227151.0
2020-08-01,227213.0
2020-08-02,227216.0
2020-08-03,230577.0
2020-08-04,231546.0
2020-08-05,233254.0
2020-08-06,234855.0
2020-08-07,237237.0
2020-08-08,237306.0
2020-08-09,237312.0
2020-08-10,242029.0
2020-08-11,243437.0
2020-08-12,246014.0
2020-08-13,248684.0
2020-08-14,251571.0
2020-08-15,254781.0
2020-08-16,257801.0
2020-08-17,258391.0
2020-08-18,260509.0
2020-08-19,264296.0
2020-08-20,269096.0
2020-08-21,274050.0
2020-08-22,277524.0
2020-08-23,282259.0
2020-08-24,284235.0
2020-08-25,287667.0
2020-08-26,287911.0
2020-08-27,299137.0
2020-08-28,306695.0
2020-08-29,312155.0
2020-08-30,317537.0
2020-08-31,320559.0
2020-09-01,325663.0
2020-09-02,332701.0
2020-09-03,339820.0
2020-09-04,348608.0
2020-09-05,357202.0
2020-09-06,364217.0
2020-09-07,368401.0
2020-09-08,375139.0
2020-09-09,383716.0
2020-09-10,393415.0
2020-09-11,402848.0
2020-09-12,414184.0
2020-09-13,420529.0
2020-09-14,426703.0
2020-09-15,434529.0
2020-09-16,444796.0
2020-09-17,455035.0
2020-09-18,468256.0
2020-09-19,481656.0
2020-09-20,492192.0
2020-09-21,497731.0
2020-09-22,507692.0
2020-09-23,520848.0
2020-09-24,536753.0
2020-09-25,552747.0
2020-09-26,566966.0
2020-09-27,577601.0
2020-09-28,581900.0
2020-09-29,589756.0
2020-09-30,603998.0
2020-10-01,617023.0
2020-10-02,629347.0
2020-10-03,645861.0
2020-10-04,658365.0
2020-10-05,663740.0
2020-10-06,675050.0
2020-10-07,693873.0
2020-10-08,711213.0
2020-10-09,731910.0
2020-10-10,758587.0
2020-10-11,774581.0
2020-10-12,783296.0
2020-10-13,796922.0
2020-10-14,819565.0
2020-10-15,849322.0
2020-10-16,874732.0
2020-10-17,906871.0
2020-10-18,936708.0
2020-10-19,950246.0
2020-10-20,970622.0
2020-10-21,997419.0
2020-10-22,1038232.0
2020-10-23,1080445.0
2020-10-24,1125710.0
2020-10-25,1132264.0
2020-10-26,1204702.0
2020-10-27,1239160.0
2020-10-28,1275879.0
2020-10-29,1322515.0
2020-10-30,1371988.0
2020-10-31,1407089.0
2020-11-01,1453268.0
2020-11-02,1557975.0
2020-11-03,1630273.0
2020-11-04,1583814.0
2020-11-05,1641166.0
2020-11-06,1701877.0
2020-11-07,1788532.0
2020-11-08,1827094.0
2020-11-09,1847833.0
2020-11-10,1870155.0
2020-11-11,1906216.0
2020-11-12,1938604.0
2020-11-13,1962518.0
2020-11-14,1994475.0
2020-11-15,2021667.0
2020-11-16,2031302.0
2020-11-17,2076663.0
2020-11-18,2105282.0
2020-11-19,2125842.0
2020-11-20,2148944.0
2020-11-21,2166612.0
2020-11-22,2179742.0
2020-11-23,2184496.0
2020-11-24,2194186.0
2020-11-25,2210674.0
2020-11-26,2223575.0
2020-11-27,2236136.0
2020-11-28,2248613.0
2020-11-29,2258376.0
2020-11-30,2262406.0
2020-12-01,2270662.0
2020-12-02,2284733.0
2020-12-03,2297338.0
2020-12-04,2308638.0
2020-12-05,2321520.0
2020-12-06,2332469.0
2020-12-07,2335880.0
2020-12-08,2349699.0
2020-12-09,2364294.0
2020-12-10,2378044.0
2020-12-11,2391450.0
2020-12-12,2405397.0
2020-12-13,2416930.0
2020-12-14,2419993.0
2020-12-15,2431594.0
2020-12-16,2449209.0
2020-12-17,2467463.0
2020-12-18,2483274.0
2020-12-19,2500702.0
2020-12-20,2513560.0
2020-12-21,2519357.0
2020-12-22,2531152.0
2020-12-23,2546081.0
2020-12-24,2567715.0
2020-12-25,2587977.0
2020-12-26,2591070.0
2020-12-27,2599937.0
2020-12-28,2602897.0
2020-12-29,2614292.0
2020-12-30,2640749.0
2020-12-31,2660676.0
2021-01-01,2680034.0
2021-01-02,2683500.0
2021-01-03,2695989.0
2021-01-04,2700011.0
2021-01-05,2720744.0
2021-01-06,2745887.0
2021-01-07,2767590.0
2021-01-08,2787404.0
2021-01-09,2807581.0
2021-01-10,2823525.0
2021-01-11,2827242.0
2021-01-12,2846936.0
2021-01-13,2870788.0
2021-01-14,2892016.0
2021-01-15,2913287.0
2021-01-16,2934693.0
2021-01-17,2951335.0
2021-01-18,2955071.0
2021-01-19,2979094.0
2021-01-20,3005852.0
2021-01-21,3028439.0
2021-01-22,3051731.0
2021-01-23,3075824.0
2021-01-24,3094260.0
2021-01-25,3098500.0
2021-01-26,3120586.0
2021-01-27,3147502.0
2021-01-28,3171272.0
2021-01-29,3194477.0
2021-01-30,3218522.0
2021-01-31,3237858.0
2021-02-01,3242205.0
2021-02-02,3265542.0
2021-02-03,3291904.0
2021-02-04,3291904.0
2021-02-05,3337491.0
2021-02-06,3358077.0
2021-02-07,3377792.0
2021-02-08,3382109.0
2021-02-09,3401113.0
2021-02-10,3426500.0
2021-02-11,3447563.0
2021-02-12,3468264.0
2021-02-13,3489495.0
2021-02-14,3506170.0
2021-02-15,3510546.0
2021-02-16,3530136.0
2021-02-17,3555154.0
2021-02-18,3577655.0
2021-02-19,3601771.0
2021-02-20,3624142.0
2021-02-21,3646188.0
2021-02-22,3650834.0
2021-02-23,3671019.0
2021-02-24,3702538.0
2021-02-25,3727941.0
2021-02-26,3753148.0
2021-02-27,3777258.0
2021-02-28,3797210.0
2021-03-01,3801913.0
2021-03-02,3824770.0
2021-03-03,3851558.0
2021-03-04,3876837.0
2021-03-05,3900344.0
2021-03-06,3923736.0
2021-03-07,3945561.0
2021-03-08,3951063.0
2021-03-09,3974190.0
2021-03-10,4003817.0
2021-03-11,4031850.0
2021-03-12,4056888.0
2021-03-13,4086647.0
2021-03-14,4113075.0
2021-03-15,4119519.0
2021-03-16,4149521.0
2021-03-17,4187989.0
2021-03-18,4223020.0
2021-03-19,4258108.0
2021-03-20,4293435.0
2021-03-21,4324088.0
2021-03-22,4339880.0
2021-03-23,4354558.0
2021-03-24,4419931.0
2021-03-25,4465572.0
2021-03-26,4507441.0
2021-03-27,4550060.0
2021-03-28,4587179.0
2021-03-29,4596273.0
2021-03-30,4626975.0
2021-03-31,4686013.0
2021-04-01,4736672.0
2021-04-02,4783349.0
2021-04-03,4783514.0
2021-04-04,4864143.0
2021-04-05,4874936.0
2021-04-06,4882981.0
2021-04-07,4883903.0
2021-04-08,4980931.0
2021-04-09,4981084.0
2021-04-10,4982487.0
2021-04-11,5100387.0
2021-04-12,5108923.0
2021-04-13,5148036.0
2021-04-14,5191541.0
2021-04-15,5229586.0
2021-04-16,5266028.0
2021-04-17,5301889.0
2021-04-18,5331266.0
2021-04-19,5337962.0
2021-04-20,5382025.0
2021-04-21,5416946.0
2021-04-22,5450346.0
2021-04-23,5482686.0
2021-04-24,5515319.0
2021-04-25,5539824.0
2021-04-26,5545776.0
2021-04-27,5576093.0
2021-04-28,5607632.0
2021-04-29,5634170.0
2021-04-30,5658469.0
2021-05-01,5684139.0
2021-05-02,5694060.0
2021-05-03,5697820.0
2021-05-04,5722191.0
2021-05-05,5748191.0
2021-05-06,5769903.0
2021-05-07,5789027.0
2021-05-08,5809806.0
2021-05-09,5818934.0
2021-05-10,5822226.0
2021-05-11,5842017.0
2021-05-12,5863515.0
2021-05-13,5882976.0
2021-05-14,5890001.0
2021-05-15,5905686.0
2021-05-16,5919712.0
2021-05-17,5923062.0
2021-05-18,5940272.0
2021-05-19,5959322.0
2021-05-20,5610476.0
2021-05-21,5623276.0
2021-05-22,5635887.0
2021-05-23,5645653.0
2021-05-24,5647882.0
2021-05-25,5651037.0
2021-05-26,5663683.0
2021-05-27,5677616.0
2021-05-28,5688884.0
2021-05-29,5700410.0
2021-05-30,5709072.0
2021-05-31,5709432.0
2021-06-01,5719280.0
2021-06-02,5720630.0
2021-06-03,5736184.0
2021-06-04,5743137.0
2021-06-05,5749791.0
2021-06-06,5754971.0
2021-06-07,5756135.0
2021-06-08,5762153.0
2021-06-09,5767710.0
2021-06-10,5772185.0
2021-06-11,5776056.0
2021-06-12,5780028.0
2021-06-13,5783001.0
2021-06-14,5783690.0
2021-06-15,5786925.0
2021-06-16,5789983.0
2021-06-17,5792027.0
2021-06-18,5795208.0
2021-06-19,5797832.0
2021-06-20,5799741.0
2021-06-21,5800228.0
2021-06-22,5802432.0
2021-06-23,5804752.0
2021-06-24,5806759.0
2021-06-25,5808745.0
2021-06-26,5810873.0
2021-06-27,5812507.0
2021-06-28,5813016.0
2021-06-29,5816411.0
2021-06-30,5817787.0
2021-07-01,5820451.0
2021-07-02,5823134.0
2021-07-03,5826140.0
2021-07-04,5828745.0
2021-07-05,5829541.0
2021-07-06,5833126.0
2021-07-07,5837207.0
2021-07-08,5841649.0
2021-07-09,5846229.0
2021-07-10,5850925.0
2021-07-11,5855239.0
2021-07-12,5856499.0
2021-07-13,5863449.0
2021-07-14,5864899.0
2021-07-15,5875941.0
2021-07-16,5886849.0
2021-07-17,5897854.0
2021-07-18,5910386.0
2021-07-19,5914537.0
2021-07-20,5932718.0
2021-07-21,5954257.0
2021-07-22,5976318.0
2021-07-23,5995727.0
2021-07-24,6021415.0
2021-07-25,6036657.0
2021-07-26,6041964.0
2021-07-27,6068988.0
2021-07-28,6096769.0
2021-07-29,6121959.0
2021-07-30,6146268.0
2021-07-31,6169957.0
2021-08-01,6189671.0
2021-08-02,6197831.0
2021-08-03,6221750.0
2021-08-04,6250534.0
2021-08-05,6276994.0
2021-08-06,6302071.0
2021-08-07,6327928.0
2021-08-08,6348388.0
2021-08-09,6354163.0
2021-08-10,6381978.0
2021-08-11,6413830.0
2021-08-12,6442384.0
2021-08-13,6468837.0
2021-08-14,6493264.0
2021-08-15,6514533.0
2021-08-16,6525719.0
2021-08-17,6548678.0
2021-08-18,6577083.0
2021-08-19,6601056.0
2021-08-20,6623375.0
2021-08-21,6646087.0
2021-08-22,6663387.0
2021-08-23,6668553.0
2021-08-24,6693406.0
2021-08-25,6717112.0
2021-08-26,6736795.0
2021-08-27,6737252.0
2021-08-28,6772882.0
2021-08-29,6786512.0
2021-08-30,6794200.0
2021-08-31,6794224.0
2021-09-01,6827353.0
2021-09-02,6841506.0
2021-09-03,6856730.0
2021-09-04,6870066.0
2021-09-05,6880476.0
2021-09-06,6883526.0
2021-09-07,6898060.0
2021-09-08,6903982.0
2021-09-09,6922052.0
2021-09-10,6932018.0
2021-09-11,6941619.0
2021-09-12,6949298.0
2021-09-13,6951360.0
2021-09-14,6965425.0
2021-09-15,6965808.0
2021-09-16,6979080.0
2021-09-17,6986453.0
2021-09-18,6993867.0
2021-09-19,6999681.0
2021-09-20,7001156.0
2021-09-21,7009139.0
2021-09-22,7015933.0
2021-09-23,7022162.0
2021-09-24,7028837.0
2021-09-25,7034053.0
2021-09-26,7038759.0
2021-09-27,7040068.0
2021-09-28,7046833.0
2021-09-29,7052733.0
2021-09-30,7057937.0
2021-10-01,7062872.0
2021-10-02,7067820.0
2021-10-03,7071564.0
2021-10-04,7072702.0
2021-10-05,7078284.0
2021-10-06,7082854.0
2021-10-07,7087860.0
2021-10-08,7092330.0
2021-10-09,7097064.0
2021-10-10,7101055.0
2021-10-11,7102175.0
2021-10-12,7108055.0
2021-10-13,7109414.0
2021-10-14,7118888.0
2021-10-15,7124987.0
2021-10-16,7129886.0
2021-10-17,7133664.0
2021-10-18,7134721.0
2021-10-19,7140666.0
2021-10-20,7146702.0
2021-10-21,7152829.0
2021-10-22,7159195.0
2021-10-23,7165486.0
2021-10-24,7170491.0
2021-10-25,7171786.0
2021-10-26,7178421.0
2021-10-27,7185420.0
2021-10-28,7191410.0
2021-10-29,7197843.0
2021-10-30,7205203.0
2021-10-31,7211532.0
2021-11-01,7213398.0
2021-11-02,7215437.0
2021-11-03,7225667.0
2021-11-04,7235011.0
2021-11-05,7244009.0
2021-11-06,7253614.0
2021-11-07,7262161.0
2021-11-08,7264358.0
2021-11-09,7276869.0
2021-11-10,7288752.0
2021-11-11,7301355.0
2021-11-12,7305215.0
2021-11-13,7319861.0
2021-11-14,7332357.0
2021-11-15,7335616.0
2021-11-16,7355394.0
2021-11-17,7375688.0
2021-11-18,7396054.0
2021-11-19,7417274.0
2021-11-20,7439952.0
2021-11-21,7459701.0
2021-11-22,7464992.0
2021-11-23,7495446.0
2021-11-24,7528037.0
2021-11-25,7561501.0
2021-11-26,7595937.0
2021-11-27,7632994.0
2021-11-28,7664575.0
2021-11-29,7673082.0
2021-11-30,7720283.0
2021-12-01,7769893.0
2021-12-02,7818309.0
2021-12-03,7868167.0
2021-12-04,7919631.0
2021-12-05,7961784.0
2021-12-06,7973362.0
2021-12-07,8032381.0
2021-12-08,8093721.0
2021-12-09,8150575.0
2021-12-10,8205715.0
2021-12-11,8259634.0
2021-12-12,8303482.0
2021-12-13,8315546.0
2021-12-14,8378951.0
2021-12-15,8444664.0
2021-12-16,8505530.0
2021-12-17,8563658.0
2021-12-18,8622194.0
2021-12-19,8670667.0
2021-12-20,8685742.0
2021-12-21,8758599.0
2021-12-22,8842871.0
2021-12-23,8934479.0
2021-12-24,9028603.0
2021-12-25,9133214.0
2021-12-26,9160911.0
2021-12-27,9191370.0
2021-12-28,9371178.0
2021-12-29,9579277.0
2021-12-30,9785821.0
2021-12-31,10018021.0
2022-01-01,10237147.0
2022-01-02,10295579.0
2022-01-03,10363040.0
2022-01-04,10634786.0
2022-01-05,10967038.0
2022-01-06,11229825.0
2022-01-07,11558039.0
2022-01-08,11861708.0
2022-01-09,12157805.0
2022-01-10,12251701.0
2022-01-11,12620080.0
2022-01-12,12981799.0
2022-01-13,13290020.0
2022-01-14,13619391.0
2022-01-15,13943971.0
2022-01-16,14222100.0
2022-01-17,14324269.0
2022-01-18,14789038.0
2022-01-19,15225205.0
2022-01-20,15652148.0
2022-01-21,16052999.0
2022-01-22,16442319.0
2022-01-23,16743933.0
2022-01-24,16852414.0
2022-01-25,17354921.0
2022-01-26,17782057.0
2022-01-27,18174674.0
2022-01-28,18528177.0
2022-01-29,18860575.0
2022-01-30,19110023.0
2022-01-31,19196399.0
2022-02-01,19609576.0
2022-02-02,19924939.0
2022-02-03,20199291.0
2022-02-04,20440340.0
2022-02-05,20654882.0
2022-02-06,20810321.0
2022-02-07,20856322.0
2022-02-08,21091589.0
2022-02-09,21091589.0
2022-02-10,21424815.0
2022-02-11,21556191.0
2022-02-12,21674802.0
2022-02-13,21761364.0
2022-02-14,21787839.0
2022-02-15,21787839.0
2022-02-16,22028827.0
2022-02-17,22121273.0
2022-02-18,22203912.0
2022-02-19,22280464.0
2022-02-20,22339467.0
2022-02-21,22356662.0
2022-02-22,22454044.0
2022-02-23,22520877.0
2022-02-24,22587682.0
2022-02-25,22645820.0
2022-02-26,22699443.0
2022-02-27,22742043.0
2022-02-28,22755526.0
2022-03-01,22835320.0
2022-03-02,22893017.0
2022-03-03,22953299.0
2022-03-04,23011088.0
2022-03-05,23064766.0
2022-03-06,23110094.0
2022-03-07,23124590.0
2022-03-08,23217640.0
2022-03-09,23286830.0
2022-03-10,23361648.0
2022-03-11,23434047.0
2022-03-12,23504571.0
2022-03-13,23563607.0
2022-03-14,23585765.0
2022-03-15,23702383.0
2022-03-16,23811215.0
2022-03-17,23912962.0
2022-03-18,24010541.0
2022-03-19,24108645.0
2022-03-20,24189928.0
2022-03-21,24214159.0
2022-03-22,24394936.0
2022-03-23,24548990.0
2022-03-24,24689131.0
2022-03-25,24832702.0
2022-03-26,24972219.0
2022-03-27,25082393.0
2022-03-28,25111975.0
2022-03-29,25329455.0
2022-03-30,25498479.0
2022-03-31,25668176.0
2022-04-01,25816805.0
2022-04-02,25948919.0
2022-04-03,26051185.0
2022-04-04,26083223.0
2022-04-05,26292850.0
2022-04-06,26443804.0
2022-04-07,26602828.0
2022-04-08,26751596.0
2022-04-09,26893286.0
2022-04-10,27000940.0
2022-04-11,27026432.0
2022-04-12,27217194.0
2022-04-13,27363620.0
2022-04-14,27501184.0
2022-04-15,27626578.0
2022-04-16,27738161.0
2022-04-17,27824811.0
2022-04-18,27844621.0
2022-04-19,27870086.0
2022-04-20,28025797.0
2022-04-21,28129804.0
2022-04-22,28218193.0
2022-04-23,28298764.0
2022-04-24,28357718.0
2022-04-25,28371750.0
2022-04-26,28469248.0
2022-04-27,28536959.0
2022-04-28,28596966.0
2022-04-29,28649885.0
2022-04-30,28699367.0
2022-05-01,28736093.0
2022-05-02,28744830.0
2022-05-03,28811847.0
2022-05-04,28859772.0
2022-05-05,28904103.0
2022-05-06,28944327.0
2022-05-07,28982285.0
2022-05-08,29011609.0
2022-05-09,29018963.0
2022-05-10,29075412.0
2022-05-11,29115711.0
2022-05-12,29151859.0
2022-05-13,29184632.0
2022-05-14,29215091.0
2022-05-15,29237935.0
2022-05-16,29243871.0
2022-05-17,29287598.0
2022-05-18,29351614.0
2022-05-19,29379456.0
2022-05-20,29403788.0
2022-05-21,29426295.0
2022-05-22,29443260.0
2022-05-23,29413607.0
2022-05-24,29445636.0
2022-05-25,29467642.0
2022-05-26,29488876.0
2022-05-27,29493687.0
2022-05-28,29517269.0
2022-05-29,29533709.0
2022-05-30,29538382.0
2022-05-31,29573524.0
2022-06-01,29599688.0
2022-06-02,29625053.0
2022-06-03,29650183.0
2022-06-04,29675355.0
2022-06-05,29695897.0
2022-06-06,29702081.0
2022-06-07,29713746.0
2022-06-08,29767548.0
2022-06-09,29807699.0
2022-06-10,29807793.0
2022-06-11,29807699.0
2022-06-12,29807699.0
2022-06-13,29807699.0
2022-06-14,29984235.0
2022-06-15,30036189.0
2022-06-16,30089270.0
2022-06-17,30139875.0
2022-06-18,30139875.0
2022-06-19,30139875.0
2022-06-20,30241832.0
2022-06-21,30337149.0
2022-06-22,30415116.0
2022-06-23,30494968.0
2022-06-24,30574230.0
2022-06-25,30574230.0
2022-06-26,30574230.0
2022-06-27,30739058.0
2022-06-28,30886409.0
2022-06-29,31011133.0
2022-06-30,31144479.0
2022-07-01,31269545.0
2022-07-02,31269545.0
2022-07-03,31269545.0
2022-07-04,31512793.0
2022-07-05,31719499.0
2022-07-06,31874114.0
2022-07-07,32035379.0
2022-07-08,32176376.0
2022-07-09,32176376.0
2022-07-10,32176376.0
2022-07-11,32427713.0
2022-07-12,32609987.0
2022-07-13,32737629.0
2022-07-14,32737629.0
2022-07-15,32737629.0
2022-07-16,32737629.0
2022-07-17,32737629.0
2022-07-18,33095351.0
2022-07-19,33229834.0
2022-07-20,33319816.0
2022-07-21,33400685.0
2022-07-22,33475033.0
2022-07-23,33475033.0
2022-07-24,33475033.0
2022-07-25,33604792.0
2022-07-26,33692580.0
2022-07-27,33751218.0
2022-07-28,33802812.0
2022-07-29,33848327.0
2022-07-30,33848327.0
2022-07-31,33848327.0
2022-08-01,33928389.0
2022-08-02,33983123.0
2022-08-03,34021911.0
2022-08-04,34055710.0
2022-08-05,34086302.0
2022-08-06,34086302.0
2022-08-07,34086302.0
2022-08-08,34141438.0
2022-08-09,34179668.0
2022-08-10,34206749.0
2022-08-11,34231061.0
2022-08-12,34253699.0
2022-08-13,34253699.0
2022-08-14,34253699.0
2022-08-15,34253845.0
2022-08-16,34302376.0
2022-08-17,34338121.0
2022-08-18,34361726.0
2022-08-19,34381962.0
2022-08-20,34381962.0
2022-08-21,34381962.0
2022-08-22,34420664.0
2022-08-23,34449652.0
2022-08-24,34470941.0
2022-08-25,34490778.0
2022-08-26,34508894.0
2022-08-27,34508894.0
2022-08-28,34508894.0
2022-08-29,34544643.0
2022-08-30,34572140.0
2022-08-31,34591380.0
2022-09-01,34610026.0
2022-09-02,34626425.0
2022-09-03,34626425.0
2022-09-04,34626425.0
2022-09-05,34658359.0
2022-09-06,34685277.0
2022-09-07,34705419.0
2022-09-08,34725285.0
2022-09-09,34744372.0
2022-09-10,34744372.0
2022-09-11,34744372.0
2022-09-12,34784890.0
2022-09-13,34830789.0
2022-09-14,34860315.0
2022-09-15,34893578.0
2022-09-16,34922264.0
2022-09-17,34922264.0
2022-09-18,34922264.0
2022-09-19,34983782.0
2022-09-20,35035598.0
2022-09-21,35073848.0
2022-09-22,35112312.0
2022-09-23,35149836.0
2022-09-24,35149836.0
2022-09-25,35149836.0
2022-09-26,35226714.0
2022-09-27,35301928.0
2022-09-28,35353822.0
2022-09-29,35405188.0
2022-09-30,35453449.0
2022-10-01,35453449.0
2022-10-02,35453449.0
2022-10-03,35546188.0
2022-10-04,35635373.0
2022-10-05,35701937.0
2022-10-06,35767474.0
2022-10-07,35828595.0
2022-10-08,35828595.0
2022-10-09,35828595.0
2022-10-10,35937864.0
2022-10-11,36032648.0
2022-10-12,36100596.0
2022-10-13,36164814.0
2022-10-14,36223509.0
2022-10-15,36223509.0
2022-10-16,36223509.0
2022-10-17,36330297.0
2022-10-18,36417963.0
2022-10-19,36480994.0
2022-10-20,36537787.0
2022-10-21,36586874.0
2022-10-22,36586874.0
2022-10-23,36586874.0
2022-10-24,36668997.0
2022-10-25,36728705.0
2022-10-26,36769890.0
2022-10-27,36806979.0
2022-10-28,36832762.0
2022-10-29,36832762.0
2022-10-30,36832762.0
2022-10-31,36875709.0
2022-11-01,36875772.0
2022-11-02,36910925.0
2022-11-03,36952950.0
2022-11-04,36982388.0
2022-11-05,36982388.0
2022-11-06,36982388.0
2022-11-07,37034051.0
2022-11-08,37074642.0
2022-11-09,37103344.0
2022-11-10,37130412.0
2022-11-11,37130412.0
2022-11-12,37130412.0
2022-11-13,37130412.0
2022-11-14,37196149.0
2022-11-15,37245602.0
2022-11-16,37279384.0
2022-11-17,37312715.0
2022-11-18,37349892.0
2022-11-19,37349892.0
2022-11-20,37349892.0
2022-11-21,37417950.0
2022-11-22,37482722.0
2022-11-23,37531910.0
2022-11-24,37582440.0
2022-11-25,37631069.0
2022-11-26,37631069.0
2022-11-27,37631069.0
2022-11-28,37726379.0
2022-11-29,37819633.0
2022-11-30,37886611.0
2022-12-01,37955864.0
2022-12-02,38014872.0
2022-12-03,38014872.0
2022-12-04,38014872.0
2022-12-05,38118377.0
2022-12-06,38223893.0
2022-12-07,38299645.0
2022-12-08,38371242.0
2022-12-09,38436751.0
2022-12-10,38436751.0
2022-12-11,38436751.0
2022-12-12,38556303.0
2022-12-13,38652650.0
2022-12-14,38722874.0
2022-12-15,38785415.0
2022-12-16,38841776.0
2022-12-17,38841776.0
2022-12-18,38841776.0
2022-12-19,38939797.0
2022-12-20,39011009.0
2022-12-21,39065622.0
2022-12-22,39115139.0
2022-12-23,39158905.0
2022-12-24,39158905.0
2022-12-25,39158905.0
2022-12-26,39199649.0
2022-12-27,39259748.0
2022-12-28,39285829.0
2022-12-29,39310265.0
2022-12-30,39334073.0
2022-12-31,39334073.0
2023-01-01,39334073.0
2023-01-02,39373160.0
2023-01-03,39396172.0
2023-01-04,39410277.0
2023-01-05,39421813.0
2023-01-06,39432196.0
2023-01-07,39432196.0
2023-01-08,39432196.0
2023-01-09,39449416.0
2023-01-10,39461189.0
2023-01-11,39468824.0
2023-01-12,39475983.0
2023-01-13,39482221.0
2023-01-14,39482221.0
2023-01-15,39482221.0
2023-01-16,39493051.0
2023-01-17,39791524.0
2023-01-18,39838728.0
2023-01-19,39894148.0
2023-01-20,39956428.0
2023-01-21,40026248.0
2023-01-22,40108248.0
2023-01-23,40205568.0
2023-01-24,40314708.0
2023-01-25,40393604.0
2023-01-26,40477676.0
2023-01-27,40566192.0
2023-01-28,40658928.0
2023-01-29,40755544.0
2023-01-30,40854508.0
2023-01-31,40953504.0
2023-02-01,41050868.0
2023-02-02,41151180.0
2023-02-03,41254040.0
2023-02-04,41359192.0
2023-02-05,41466336.0
2023-02-06,41575144.0
2023-02-07,41685484.0
2023-02-08,41797612.0
2023-02-09,41912112.0
2023-02-10,42028840.0
2023-02-11,42147800.0
2023-02-12,42268968.0
2023-02-13,42392356.0
2023-02-14,42518092.0
2023-02-15,42646288.0
2023-02-16,42777096.0
2023-02-17,42910504.0
2023-02-18,43046572.0
2023-02-19,43185388.0
2023-02-20,43327076.0
2023-02-21,43471748.0
2023-02-22,43619488.0
2023-02-23,43770368.0
2023-02-24,43924512.0
2023-02-25,44082032.0
2023-02-26,44243020.0
2023-02-27,44407600.0
2023-02-28,44575952.0
2023-03-01,44748124.0
2023-03-02,44924296.0
2023-03-03,45104656.0
2023-03-04,45289252.0
2023-03-05,45478328.0
2023-03-06,45671932.0
2023-03-07,45870336.0
2023-03-08,46073712.0
2023-03-09,46282192.0
2023-03-10,46495984.0
2023-03-11,46715280.0
2023-03-12,46940320.0
2023-03-13,47171364.0
2023-03-14,47408624.0
2023-03-15,47652476.0
2023-03-16,47903080.0
2023-03-17,48160736.0
2023-03-18,48425800.0
2023-03-19,48698536.0
2023-03-20,48979304.0
2023-03-21,49268460.0
2023-03-22,49566372.0
2023-03-23,49873440.0
2023-03-24,50190160.0
2023-03-25,50516920.0
2023-03-26,50854312.0
2023-03-27,51202784.0
2023-03-28,51562964.0
2023-03-29,51935448.0
2023-03-30,52320892.0
2023-03-31,52719984.0
